Rede,PrecisaoTreino,PrecisaoValidacao,PrecisaoStart,PrecisaoTrain,PrecisaoTest,TempoTreino
rede_test_1,3.70074341541719e-15,3.70074341541719e-15,16.6666666666667,16.6666666666667,16.6666666666667,8.9576078
rede_test_2,3.70074341541719e-15,3.70074341541719e-15,16.6666666666667,16.6666666666667,16.6666666666667,2.4302776
rede_test_3,3.70074341541719e-15,3.70074341541719e-15,16.6666666666667,16.6666666666667,18.3333333333333,1.6317033
