Rede,PrecisaoTreino,PrecisaoValidacao,PrecisaoStart,PrecisaoTrain,PrecisaoTest,TempoTreino
rede_test_1,3.43053864455364e-14,2067.95807614475,16.6666666666667,18.3333333333333,81.6666666666667,2.506808
rede_test_2,0.0665544722212729,1131.2630567574,33.3333333333333,16.6666666666667,73.3333333333333,2.1861536
rede_test_3,0.0675242192876289,947.345262366391,16.6666666666667,24,75,2.0170623
